timestamp,open,high,low,close,volume
2021-09-27,442.8100,444.0500,441.9000,442.6400,61371100
2021-09-28,439.6900,440.0400,432.9400,433.7200,130436300
2021-09-29,435.1900,437.0400,433.8500,434.4500,82329200
2021-09-30,436.0200,436.7700,428.7800,429.1400,140506000
2021-10-01,430.9800,436.0300,427.2300,434.2400,129240100
2021-10-04,433.0000,433.9600,426.3600,428.6400,128570000
2021-10-05,430.2400,435.4900,429.3900,433.1000,90682500
2021-10-06,429.2700,435.1200,427.5400,434.9000,113032200
2021-10-07,438.3900,441.6800,438.2000,438.6600,72437500
2021-10-08,439.4800,439.8900,437.1900,437.8600,74557400
2021-10-11,437.1600,440.2600,434.6200,434.6900,65233300
2021-10-12,435.6700,436.1000,432.7800,433.6200,71181200
2021-10-13,434.7100,436.0500,431.5400,435.1800,72974000
2021-10-14,439.0800,442.6600,438.5800,442.5000,70236800
2021-10-15,444.7500,446.2600,444.0900,445.8700,66260200
2021-10-18,443.9700,447.5500,443.2700,447.1900,62213200
2021-10-19,448.9200,450.7100,448.2700,450.6400,46996800
2021-10-20,451.1300,452.7300,451.0100,452.4100,49571600
2021-10-21,451.7700,453.8300,451.3100,453.5900,41305400
2021-10-22,453.1300,454.6700,451.0500,453.1200,58845100
2021-10-25,454.2800,455.9000,452.3900,455.5500,45214500
2021-10-26,457.2000,458.4900,455.5600,455.9600,56075100
2021-10-27,456.4500,457.1600,453.8600,453.9400,72438000
2021-10-28,455.4600,458.4000,455.4500,458.3200,51437900
2021-10-29,455.8700,459.5600,455.5600,459.2500,70162400
2021-11-01,460.3000,460.7000,458.2000,460.0400,48433600
2021-11-02,460.2200,462.2300,460.0800,461.9000,48908400
2021-11-03,461.3000,465.1500,460.8300,464.7200,52509800
2021-11-04,465.3600,467.0000,464.9900,466.9100,52847100
2021-11-05,469.2800,470.6500,466.9200,468.5300,66390600
2021-11-08,469.7000,470.2300,468.2000,468.9300,50405200
2021-11-09,469.3200,469.5700,465.8800,467.3800,51149100
2021-11-10,465.5800,467.3800,462.0400,463.6200,69429700
2021-11-11,465.2100,465.2900,463.7500,463.7700,34848500
2021-11-12,465.1200,467.8600,464.1100,467.2700,53466700
2021-11-15,468.6400,468.8100,466.2300,467.4300,46980500
2021-11-16,467.1500,470.4900,467.0700,469.2800,48857500
2021-11-17,469.0000,469.1900,467.4800,468.1400,47858300
2021-11-18,469.2400,470.0100,466.3400,469.7300,50625600
2021-11-19,469.6100,470.9400,468.5000,468.8900,57315600
2021-11-22,470.8900,473.5400,467.3500,467.5700,72762000
2021-11-23,467.2200,469.1000,464.4500,468.1900,73206500
2021-11-24,466.0600,469.5700,465.1900,469.4400,61858800
2021-11-26,462.3400,463.9000,457.7700,458.9700,112669600
2021-11-29,464.0700,466.5600,461.7300,464.6000,86268800
2021-11-30,462.0000,464.0300,455.3000,455.5600,148559600
2021-12-01,461.6400,464.6700,450.2900,450.5000,131939200
2021-12-02,450.7300,459.0700,450.3100,457.4000,127637800
2021-12-03,459.1700,460.3000,448.9200,453.4200,137331600
2021-12-06,456.1300,460.7900,453.5600,458.7900,98977500
2021-12-07,464.4100,468.8800,458.6500,468.2800,95484700
2021-12-08,468.7000,470.0000,466.8300,469.5200,72238800
2021-12-09,468.1500,469.6300,466.1400,466.3500,61272600
2021-12-10,469.2300,470.9000,466.5100,470.7400,77159800
2021-12-13,470.1900,470.5600,466.2700,466.5700,87724700
2021-12-14,463.0900,465.7400,460.2500,463.3600,97264100
2021-12-15,463.4200,470.8600,460.7400,470.6000,116899300
2021-12-16,472.5700,472.8700,464.8000,466.4500,116568600
2021-12-17,461.5500,464.7400,458.0600,459.8700,135511600
2021-12-20,454.4800,455.4000,451.1400,454.9800,107134800
2021-12-21,458.6100,463.2100,456.3100,463.0600,69806300
2021-12-22,462.7900,467.8100,462.5800,467.6900,58890200
2021-12-23,468.7500,472.1900,468.6400,470.6000,56439700
2021-12-27,472.0600,477.3100,472.0100,477.2600,56808600
2021-12-28,477.7200,478.8100,476.0600,476.8700,47274600
2021-12-29,476.9800,478.5600,475.9200,477.4800,54503000
2021-12-30,477.9300,479.0000,475.6700,476.1600,55329000
2021-12-31,475.6400,476.8600,474.6700,474.9600,65237400
2022-01-03,476.3000,477.8500,473.8500,477.7100,72668200
2022-01-04,479.2200,479.9800,475.5800,477.5500,71178700
2022-01-05,477.1600,477.9800,468.2800,468.3800,104538900
2022-01-06,467.8900,470.8200,465.4300,467.9400,86858900
2022-01-07,467.9500,469.2000,464.6500,466.0900,85111600
2022-01-10,462.7000,465.7400,456.6000,465.5100,119362000
2022-01-11,465.2300,469.8500,462.0500,469.7500,74303100
2022-01-12,471.5900,473.2000,468.9400,471.0200,67605400
2022-01-13,472.1900,472.8800,463.4400,464.5300,91173100
2022-01-14,461.1900,465.0900,459.9000,464.7200,95890900
2022-01-18,459.7400,459.9600,455.3100,456.4900,109709100
2022-01-19,458.1300,459.6100,451.4600,451.7500,109357600
2022-01-20,453.7500,458.7400,444.5000,446.7500,122379700
2022-01-21,445.5600,448.0600,437.9500,437.9800,202271200
2022-01-24,432.0300,440.3800,420.7600,439.8400,251783900
2022-01-25,433.0600,439.7200,427.1500,434.4700,167997300
2022-01-26,440.7200,444.0400,428.8600,433.3800,186391100
2022-01-27,438.2600,441.5900,429.4500,431.2400,149878300
2022-01-28,432.6800,442.0000,427.8200,441.9500,164457400
2022-01-31,441.2400,450.2800,439.8100,449.9100,152251400
2022-02-01,450.6800,453.6300,446.9400,452.9500,123155400
2022-02-02,455.5000,458.1200,453.0500,457.3500,117361000
2022-02-03,450.9500,452.9700,445.7100,446.6000,118024400
2022-02-04,446.3500,452.7800,443.8300,448.7000,118454400
2022-02-07,449.5100,450.9900,445.8500,447.2600,84472900
2022-02-08,446.7300,451.9200,445.2200,450.9400,81012000
2022-02-09,455.2200,457.8800,455.0100,457.5400,92589900
2022-02-10,451.3400,457.7100,447.2000,449.3200,140103700
2022-02-11,449.4100,451.6100,438.9400,440.4600,153214600
2022-02-14,439.9200,441.6000,435.3400,439.0200,123006300
2022-02-15,443.7300,446.2800,443.1800,446.1000,88482700
2022-02-16,443.9300,448.0600,441.9400,446.6000,84863600
2022-02-17,443.2200,446.5700,436.4200,437.0600,102259100
2022-02-18,437.3300,438.6600,431.8200,434.2300,132642900
2022-02-22,431.8900,435.5000,425.8600,429.5700,124391800
2022-02-23,432.6600,433.2600,421.3500,421.9500,132578000
2022-02-24,411.0200,428.7600,410.6400,428.3000,213942900
2022-02-25,429.6100,437.8400,427.8600,437.7500,121804500
2022-02-28,432.0300,438.2000,430.7000,436.6300,145615000
2022-03-01,435.0400,437.1700,427.1100,429.9800,137785900
2022-03-02,432.3700,439.7200,431.5700,437.8900,117726500
2022-03-03,440.4700,441.1100,433.8000,435.7100,105501700
2022-03-04,431.7500,433.3700,427.8800,432.1700,113978200
2022-03-07,431.5500,432.3000,419.3600,419.4300,137896600
2022-03-08,419.6200,427.2100,415.1200,416.2500,164772700
2022-03-09,425.1400,429.5100,422.8200,427.4100,116990800
2022-03-10,422.5200,426.4300,420.4400,425.4800,93972700
2022-03-11,428.1200,428.7700,419.5300,420.0700,95636300
2022-03-14,420.8900,424.5500,415.7900,417.0000,95729200
2022-03-15,419.7700,426.8400,418.4200,426.1700,106219100
2022-03-16,429.8900,435.6800,424.8000,435.6200,144954800
2022-03-17,433.5900,441.0700,433.1900,441.0700,102676900
2022-03-18,438.0000,444.8600,437.2200,444.5200,106345500
2022-03-21,444.3400,446.4600,440.6800,444.3900,88349800
2022-03-22,445.8600,450.5800,445.8600,449.5900,74650400
2022-03-23,446.9100,448.4900,443.7100,443.8000,79426100
2022-03-24,445.9400,450.5000,444.7600,450.4900,64736900
2022-03-25,451.1600,452.9800,448.4300,452.6900,77101300
2022-03-28,452.0600,455.9100,450.0600,455.9100,68529800
2022-03-29,460.0200,462.0700,457.1800,461.5500,86581500
2022-03-30,460.3400,461.2000,456.4700,458.7000,79666900
2022-03-31,457.8900,458.7600,451.1600,451.6400,121699900
2022-04-01,453.3100,453.4600,449.1400,452.9200,89048800
2022-04-04,453.1300,456.9100,452.2600,456.8000,59601000
2022-04-05,455.2200,457.8300,449.8200,451.0300,74214500
2022-04-06,446.8900,448.9300,443.4700,446.5200,106898000
2022-04-07,445.5900,450.6900,443.5300,448.7700,78097200
2022-04-08,447.9700,450.6300,445.9400,447.5700,79272700
2022-04-11,444.1100,445.0000,439.3900,439.9200,89770500
2022-04-12,443.0800,445.7500,436.6500,438.2900,84363600
2022-04-13,438.0300,444.1100,437.8400,443.3100,74070400
2022-04-14,443.5500,444.7300,437.6800,437.7900,97869500
2022-04-18,436.8100,439.7500,435.6100,437.9700,66002500
2022-04-19,437.8600,445.8000,437.6800,445.0400,77821000
2022-04-20,446.9200,447.5700,443.4800,444.7100,65224400
2022-04-21,448.5400,450.0100,437.1000,438.0600,85417300
2022-04-22,436.9100,438.0800,425.4400,426.0400,132471800
2022-04-25,423.6700,428.6900,418.8400,428.5100,119647700
2022-04-26,425.8300,426.0400,416.0700,416.1000,103996300
2022-04-27,417.2400,422.9200,415.0100,417.2700,122030000
2022-04-28,422.2900,429.6400,417.6000,427.8100,105449100
2022-04-29,423.5900,425.8700,411.2100,412.0000,145491100
2022-05-02,412.0700,415.9200,405.0200,414.4800,158312500
2022-05-03,415.0100,418.9300,413.3600,416.3800,100028200
2022-05-04,417.0800,429.6600,413.7100,429.0600,144247900
2022-05-05,424.5500,425.0000,409.4400,413.8100,172929100
2022-05-06,411.1000,414.8000,405.7300,411.3400,151770800
2022-05-09,405.1000,406.4100,396.5000,398.1700,155586100
2022-05-10,404.4900,406.0800,394.8200,399.0900,132497200
2022-05-11,398.0700,404.0400,391.9600,392.7500,142361000
2022-05-12,389.3700,395.8000,385.1500,392.3400,125090800
2022-05-13,396.7100,403.1800,395.6100,401.7200,104174400
2022-05-16,399.9800,403.9700,397.6000,400.0900,78622400
2022-05-17,406.5300,408.5700,402.5800,408.3200,83029700
2022-05-18,403.5000,403.8000,390.5500,391.8600,117674500
2022-05-19,388.6200,394.1400,387.1100,389.4600,98510700
2022-05-20,393.2500,397.0300,380.5400,389.6300,131432200
2022-05-23,392.8300,397.7300,390.3800,396.9200,76414900
2022-05-24,392.5600,395.1500,386.9600,393.8900,91448800
2022-05-25,392.3100,399.4500,391.8900,397.3700,91472900
2022-05-26,398.6700,407.0400,398.4500,405.3100,82168300
2022-05-27,407.9100,415.3800,407.7000,415.2600,84768700
2022-05-31,413.5500,416.4600,410.0300,412.9300,95937000
2022-06-01,415.1700,416.2400,406.9300,409.5900,86585800
2022-06-02,409.4200,417.4400,407.0400,417.3900,79609600
2022-06-03,412.4000,414.0400,409.5100,410.5400,71874300
2022-06-06,414.7800,416.6100,410.5500,411.7900,57508900
2022-06-07,408.1000,416.2200,407.6100,415.7400,59272400
2022-06-08,413.9300,415.8200,410.3800,411.2200,64350000
2022-06-09,409.3400,411.7400,401.4400,401.4400,86289800
2022-06-10,394.8800,395.7800,389.7500,389.8000,132893900
2022-06-13,379.8500,381.8100,373.3000,375.0000,170004900
2022-06-14,376.8500,377.9400,370.5900,373.8700,104011800
2022-06-15,377.3600,383.9000,372.1200,379.2000,125666800
2022-06-16,370.5100,370.9400,364.0800,366.6500,134473300
2022-06-17,365.5100,369.3800,362.1700,365.8600,111113900
2022-06-21,371.8900,376.5300,371.8100,375.0700,76811900
2022-06-22,370.6200,378.7200,370.1800,374.3900,90059400
2022-06-23,376.6400,378.8300,372.8900,378.0600,79292100
2022-06-24,381.4000,390.0900,381.3700,390.0800,98050300
2022-06-27,391.0500,391.3600,387.4400,388.5900,66009600
2022-06-28,390.2300,393.1600,380.5300,380.6500,86548900
2022-06-29,381.2300,382.2700,378.4200,380.3400,65676000
2022-06-30,376.2400,380.6600,372.5600,377.2500,112508300
2022-07-01,376.5600,381.7000,373.8000,381.2400,74839700
2022-07-05,375.8800,381.9800,372.9000,381.9600,81438000
2022-07-06,382.1100,385.8700,379.6000,383.2500,70426200
2022-07-07,385.1200,389.8300,383.2700,388.9900,64525900
2022-07-08,387.2700,390.6400,385.6600,388.6700,72397800
2022-07-11,385.8500,386.8700,383.5000,384.2300,58366900
2022-07-12,383.6500,386.1600,378.9900,380.8300,62219200
2022-07-13,375.1000,381.9200,374.6600,378.8300,84224600
2022-07-14,373.6100,379.0500,371.0400,377.9100,89704800
2022-07-15,382.5500,385.2500,380.5400,385.1300,79060400
2022-07-18,388.3800,389.0900,380.6600,381.9500,63203600
2022-07-19,386.0800,392.8700,385.3900,392.2700,78506000
2022-07-20,392.4700,396.2600,391.0300,394.7700,71843800
2022-07-21,394.1600,398.8400,391.6300,398.7900,64903900
2022-07-22,398.9200,400.1800,392.7500,395.0900,72197300
2022-07-25,395.7500,396.4700,393.2100,395.5700,53631500
2022-07-26,393.8400,394.0600,389.9500,390.8900,52946400
2022-07-27,394.3600,402.8800,394.0500,401.0400,82342100
2022-07-28,401.8900,406.8000,398.1500,406.0700,73966600
2022-07-29,407.5800,413.0300,406.7700,411.9900,87003700
2022-08-01,409.1500,413.4100,408.4000,410.7700,69997500
2022-08-02,409.1200,413.0000,406.8200,408.0600,63435400
2022-08-03,410.3000,415.6800,410.0000,414.4500,67820600
2022-08-04,414.3700,415.0900,412.4400,414.1700,45656600
2022-08-05,409.6600,414.1500,409.6000,413.4700,56814900
2022-08-08,415.2500,417.6200,411.8300,412.9900,53886100
2022-08-09,412.2200,412.7500,410.2200,411.3500,44931800
2022-08-10,418.7800,420.1400,416.7200,419.9900,68665700
2022-08-11,422.9900,424.9500,419.2100,419.9900,59489700
2022-08-12,422.0300,427.2100,421.0300,427.1000,61694500
2022-08-15,424.7700,429.4100,424.7100,428.8600,54048300
2022-08-16,427.7300,431.7300,426.8800,429.7000,59289000
2022-08-17,425.9100,429.5000,424.5400,426.6500,63563400
2022-08-18,426.8600,428.6100,425.5000,427.8900,49023200
2022-08-19,424.9800,425.2600,421.2200,422.1400,68016900
2022-08-22,417.0500,417.2300,412.4000,413.3500,77695600
2022-08-23,412.9000,415.4200,411.7700,412.3500,49105200
2022-08-24,412.1100,415.1100,411.3900,413.6700,49177800
2022-08-25,415.2400,419.5600,414.0900,419.5100,50942300
2022-08-26,419.3900,419.9600,405.2500,405.3100,103087000
2022-08-29,402.2000,405.8400,401.2000,402.6300,65370800
2022-08-30,403.8500,404.1000,396.0000,398.2100,85652400
2022-08-31,399.9300,401.2400,395.0400,395.1800,76029700
2022-09-01,392.8900,396.7800,390.0400,396.4200,78740100
2022-09-02,400.2800,401.5600,390.3300,392.2400,99632100
2022-09-06,393.1300,394.1200,388.4200,390.7600,76637400
2022-09-07,390.4300,398.5900,390.2000,397.7800,70964200
2022-09-08,395.3900,400.8600,394.1200,400.3800,80821700
2022-09-09,402.7400,407.5100,402.4600,406.6000,76706900
2022-09-12,408.7800,411.7300,408.4600,410.9700,69256300
2022-09-13,401.8300,403.1000,391.9200,393.1000,122947100
2022-09-14,394.4700,396.2000,391.1200,394.6000,85023700
2022-09-15,392.9600,395.9600,388.7800,390.1200,87633800
2022-09-16,384.1400,386.2500,382.1100,385.5600,103084800
2022-09-19,382.2600,388.5500,382.1800,388.5500,73278500
2022-09-20,385.0600,386.1200,381.2000,384.0900,77274900
2022-09-21,386.1100,389.3100,377.3800,377.3900,106746600
2022-09-22,376.5800,378.3000,373.4400,374.2200,89472600
2022-09-23,370.5800,370.6200,363.2900,367.9500,122346900
2022-09-26,366.4100,370.2100,363.0300,364.3100,92581200
2022-09-27,368.0200,370.4000,360.8700,363.3800,108294100
2022-09-28,364.3800,372.3000,362.6000,370.5300,110802200
2022-09-29,366.8100,367.1100,359.7000,362.7900,112952300
2022-09-30,361.8000,365.9100,357.0400,357.1800,153711200
2022-10-03,361.0800,368.5500,359.2100,366.6100,89756500
2022-10-04,372.4000,378.0000,366.5700,377.9700,103602800
2022-10-05,373.3900,379.4600,370.9500,377.0900,88065700
2022-10-06,375.6200,378.7200,372.6800,373.2000,82333500
2022-10-07,368.9700,373.2900,360.9400,362.7900,107789500
2022-10-10,363.9600,364.2100,357.6700,360.0200,76042800
2022-10-11,358.2400,363.0300,355.7100,357.7400,92482800
2022-10-12,358.1700,359.8200,356.3000,356.5600,76991800
2022-10-13,349.2100,367.5100,348.1100,365.9700,147254500
2022-10-14,368.5500,370.2600,356.9600,357.6300,123737000
2022-10-17,364.0100,367.9800,357.2800,366.8200,93168200
2022-10-18,375.1300,375.4500,367.5200,371.1300,97162900
2022-10-19,368.9900,371.8500,365.5500,368.5000,79746900
2022-10-20,368.0300,372.6700,364.6100,365.4100,88283100
2022-10-21,365.1200,374.8000,363.5400,374.2900,131038400
2022-10-24,375.8900,380.0600,373.1100,378.8700,85436900
2022-10-25,378.7900,385.2500,378.6700,384.9200,78846300
2022-10-26,381.6200,387.5800,381.3500,382.0200,104087300
2022-10-27,383.0700,385.0000,379.3300,379.9800,81971800
2022-10-28,379.8700,389.5200,379.6800,389.0200,100302000
2022-10-31,386.4400,388.4000,385.2600,386.2100,96631300
2022-11-01,390.1400,390.3900,383.2900,384.5200,85407600
2022-11-02,383.9000,388.6300,374.7600,374.8700,126990400
2022-11-03,371.4700,374.2000,368.7900,371.0100,87100100
2022-11-04,377.0000,378.8700,370.0000,376.3500,103505200
2022-11-07,377.7100,380.5700,375.5300,379.9500,68286900
2022-11-08,381.1100,385.1200,377.7200,382.0000,84641100
2022-11-09,379.9300,381.1400,373.6100,374.1300,78495500
2022-11-10,388.0500,395.0400,385.6400,394.6900,141455800
2022-11-11,395.5900,399.3500,393.6100,398.5100,93839900
2022-11-14,396.6600,400.1800,394.8300,395.1200,71903500
2022-11-15,401.1500,402.3100,394.4900,398.4900,93194500
2022-11-16,396.7800,397.7800,394.7900,395.4500,68508500
2022-11-17,390.4600,394.9500,390.1400,394.2400,74496300
2022-11-18,397.7400,397.8100,393.0400,396.0300,92922500
2022-11-21,394.6400,395.8200,392.6600,394.5900,51243200
2022-11-22,396.6300,400.0700,395.1500,399.9000,60429000
2022-11-23,399.5500,402.9300,399.3100,402.4200,68261600
2022-11-25,401.8300,402.9100,401.5400,402.3300,30545400
2022-11-28,399.0900,400.8100,395.1100,395.9100,67881600
2022-11-29,396.0500,397.3000,393.3000,395.2300,52310000
2022-11-30,395.4900,407.6800,393.4800,407.6800,144566700
2022-12-01,408.7700,410.0000,404.7500,407.3800,76398200
2022-12-02,402.2500,407.8600,402.1400,406.9100,85342700
2022-12-05,403.9500,404.9300,398.1700,399.5900,77289800
2022-12-06,399.4200,399.9900,391.6400,393.8300,77972200
2022-12-07,392.9400,395.6400,391.9700,393.1600,65927900
2022-12-08,395.1400,397.3600,393.2700,396.2400,60737900
2022-12-09,394.9400,397.6200,393.1500,393.2800,81447700
2022-12-12,394.1100,398.9500,393.4100,398.9500,75405800
2022-12-13,410.2200,410.4900,399.0700,401.9700,123782500
2022-12-14,401.6100,405.5000,396.3100,399.4000,108111300
2022-12-15,394.3000,395.2500,387.8900,389.6300,117705900
2022-12-16,385.1800,386.5800,381.0400,383.2700,119858000
2022-12-19,383.4700,383.8200,378.2800,380.0200,79878100
2022-12-20,379.2300,382.2300,377.8500,380.5400,74427200
2022-12-21,383.2500,387.4100,382.6900,386.2300,78167400
2022-12-22,383.0500,386.2100,374.7700,380.7200,100120900
2022-12-23,379.6500,383.0600,378.0300,382.9100,59857300
2022-12-27,382.7900,383.1500,379.6500,381.4000,51638200
2022-12-28,381.3300,383.3900,376.4200,376.6600,70911500
2022-12-29,379.6300,384.3500,379.0800,383.4400,66970900
2022-12-30,380.6400,382.5800,378.4300,382.4300,84022200
2023-01-03,384.3700,386.4300,377.8300,380.8200,74850700
2023-01-04,383.1800,385.8800,380.0000,383.7600,85934100
2023-01-05,381.7200,381.8400,378.7600,379.3800,76970500
2023-01-06,382.6100,389.2500,379.4100,388.0800,104189600
2023-01-09,390.3700,393.7000,387.6700,387.8600,73978100
2023-01-10,387.2500,390.6500,386.2700,390.5800,65358100
2023-01-11,392.2300,395.6000,391.3800,395.5200,68881100
2023-01-12,396.6700,398.4900,392.4200,396.9600,90157700
2023-01-13,393.6200,399.1000,393.3400,398.5000,63903900
2023-01-17,398.4800,400.2300,397.0600,397.7700,62677300
2023-01-18,399.0100,400.1200,391.2800,391.4900,99632300
2023-01-19,389.3600,391.0800,387.2600,388.6400,86958900
2023-01-20,390.1000,396.0400,388.3800,395.8800,91806400
2023-01-23,396.7200,402.6500,395.7200,400.6300,84178800
2023-01-24,398.8800,401.1500,397.6400,400.2000,59524900
2023-01-25,395.9500,400.7000,393.5600,400.3500,84800300
2023-01-26,403.1300,404.9200,400.0300,404.7500,72287400
2023-01-27,403.6600,408.1600,403.4400,405.6800,68346200
2023-01-30,402.8000,405.1300,400.2800,400.5900,74202000
2023-01-31,401.1300,406.5300,400.7700,406.4800,86811800
2023-02-01,405.2100,413.6700,402.3500,410.8000,101459200
2023-02-02,414.8600,418.3100,412.8800,416.7800,101654500
2023-02-03,411.5900,416.9700,411.0900,412.3500,94736800
2023-02-06,409.7900,411.2900,408.1000,409.8300,60295300
2023-02-07,408.8700,416.4900,407.5700,415.1900,90990700
2023-02-08,413.1300,414.5300,409.9300,410.6500,76227500
2023-02-09,414.4100,414.5700,405.8100,407.0900,78694900
2023-02-10,405.8600,408.4400,405.0100,408.0400,70769700
2023-02-13,408.7200,412.9700,408.2400,412.8300,64913500
2023-02-14,411.2400,415.0500,408.5100,412.6400,88389300
2023-02-15,410.3500,414.0600,409.4700,413.9800,61555700
2023-02-16,408.7900,412.9100,408.1400,408.2800,76431500
2023-02-17,406.0600,407.5100,404.0500,407.2600,89257800
2023-02-21,403.0600,404.1600,398.8200,399.0900,82655900
2023-02-22,399.5200,401.1300,397.0200,398.5400,83742300
2023-02-23,401.5600,402.2000,396.2500,400.6600,96242400
2023-02-24,395.4200,397.2500,393.6400,396.3800,108194400
2023-02-27,399.8700,401.2900,396.7500,397.7300,80444700
2023-02-28,397.2300,399.2800,396.1500,396.2600,96438600
2023-03-01,395.4100,396.6900,393.3800,394.7400,99706800
2023-03-02,392.6800,398.6900,392.3300,397.8100,85127800
2023-03-03,399.7100,404.4500,399.0300,404.1900,90120000
2023-03-06,405.0500,407.4500,404.0100,404.4700,72795900
2023-03-07,404.4200,404.6700,397.6300,398.2700,108310600
2023-03-08,398.3900,399.7100,396.5900,398.9200,74746600
2023-03-09,399.7400,401.4800,390.5300,391.5600,111945300
2023-03-10,390.9900,393.1600,384.3200,385.9100,189253000
2023-03-13,381.8100,390.3900,380.6500,385.3600,157790000
2023-03-14,390.5000,393.4500,387.0500,391.7300,149752400
2023-03-15,385.8900,389.4900,383.7100,389.2800,172996900
2023-03-16,386.8200,396.4700,386.2900,396.1100,143254200
2023-03-17,393.2200,394.4000,388.5500,389.9900,140553400
2023-03-20,390.8000,394.1700,390.0700,393.7400,93055800
2023-03-21,397.2400,399.4100,395.5800,398.9100,91524200
2023-03-22,398.7300,402.4900,392.0700,392.1100,111746600
2023-03-23,395.0900,399.2900,390.3500,393.1700,119351300
2023-03-24,391.8400,395.8400,389.4000,395.7500,107682400
2023-03-27,398.1200,398.9200,395.5600,396.4900,74010400
2023-03-28,395.7700,396.4900,393.6900,395.6000,62871700
2023-03-29,399.9300,401.6000,398.6800,401.3500,77497900
2023-03-30,404.0900,404.3500,401.7600,403.7000,69840000
2023-03-31,404.6600,409.7000,404.5500,409.3900,112062600
2023-04-03,408.8500,411.3700,408.4400,410.9500,67391100
2023-04-04,411.6200,411.9200,407.2400,408.6700,66601500
2023-04-05,407.9100,408.7000,405.8800,407.6000,65200200
2023-04-06,406.7700,409.4800,405.6800,409.1900,63743300
2023-04-10,406.6100,409.6900,405.9700,409.6100,63681000
2023-04-11,410.2600,411.1800,408.9200,409.7200,59297900
2023-04-12,411.8700,412.1700,407.4400,408.0500,86420400
2023-04-13,409.1800,413.8400,407.9900,413.4700,85814800
2023-04-14,412.8100,415.0900,410.0600,412.4600,78161500
2023-04-17,412.3700,413.9600,411.0900,413.9400,66436400
2023-04-18,415.5800,415.7200,412.7800,414.2100,63560000
2023-04-19,412.2200,415.0800,412.1600,414.1400,55227300
2023-04-20,411.2100,413.7000,410.2700,411.8800,75840400
2023-04-21,412.1900,412.6800,410.1700,412.2000,73457400
2023-04-24,411.9900,413.0700,410.6000,412.6300,64332100
2023-04-25,410.5800,411.1600,406.0200,406.0800,97766700
2023-04-26,406.7200,407.8400,403.7800,404.3600,80447000
2023-04-27,407.0000,412.6900,406.7400,412.4100,92968400
2023-04-28,411.4900,415.9400,411.4300,415.9300,89433100
2023-05-01,415.4700,417.6200,415.2700,415.5100,62122300
2023-05-02,414.7700,414.8200,407.8200,410.8400,103998500
2023-05-03,411.3600,413.8700,407.7700,408.0200,91531800
2023-05-04,406.9300,407.2700,403.7400,405.1300,94901900
2023-05-05,408.9100,413.7200,408.6400,412.6300,87891800
2023-05-08,412.9700,413.2400,411.2800,412.7400,50046800
2023-05-09,411.1300,412.0900,410.6900,410.9300,49220100
2023-05-10,413.8800,414.5400,408.8700,412.8500,96142900
2023-05-11,411.9500,412.4300,409.9700,412.1300,70157100
2023-05-12,413.4200,413.6400,409.0700,411.5900,70481500
2023-05-15,412.2200,413.4300,410.2300,413.0100,54289400
2023-05-16,411.8600,412.8200,410.2400,410.2500,57705500
2023-05-17,412.3500,415.8600,410.6400,415.2300,87287000
2023-05-18,414.9000,419.6700,414.6700,419.2300,97177200
2023-05-19,420.1700,420.7200,417.3500,418.6200,103793300
2023-05-22,418.6400,420.3900,417.3500,418.7900,60745400
2023-05-23,417.0800,418.7200,413.6800,414.0900,86383500
2023-05-24,412.4200,412.8200,409.8800,411.0900,89213700
2023-05-25,414.7400,416.1600,412.4100,414.6500,90961600
2023-05-26,415.3300,420.7700,415.2500,420.0200,93830000
2023-05-30,422.0300,422.5800,418.7400,420.1800,72216000
2023-05-31,418.2800,419.2200,416.2200,417.8500,110811800
2023-06-01,418.0900,422.9200,416.7900,421.8200,88865000
2023-06-02,424.5000,428.7400,423.9500,427.9200,91426200
2023-06-05,428.2800,429.6200,426.3700,427.1000,65460200
2023-06-06,426.6700,428.5800,425.9900,428.0300,64022200
2023-06-07,428.4400,429.6200,426.1100,426.5500,85373300
2023-06-08,426.6200,429.6000,425.8200,429.1300,61952800
2023-06-09,429.9600,431.9900,428.8700,429.9000,85742800
2023-06-12,430.9200,433.8800,430.1700,433.8000,76104300
2023-06-13,435.3200,437.3300,434.6300,436.6600,95899700
2023-06-14,437.0100,439.0600,433.5900,437.1800,100612100
2023-06-15,436.3300,443.9000,436.2300,442.6000,110303100
2023-06-16,443.0200,443.6100,438.9700,439.4600,114165800
2023-06-20,437.4500,438.3700,435.0300,437.1800,76160400
2023-06-21,436.1600,436.9900,434.3300,434.9400,76982300
2023-06-22,433.9500,436.6200,433.6000,436.5100,70637200
2023-06-23,432.9300,435.0600,432.4700,433.2100,92074500
2023-06-26,432.6200,434.6100,431.1900,431.4400,72823600
2023-06-27,432.3500,436.8100,431.8800,436.1700,72813700
2023-06-28,435.0500,437.4400,434.4100,436.3900,75636000
2023-06-29,435.9600,438.2800,435.5400,438.1100,67882300
2023-06-30,441.4400,444.3000,441.1100,443.2800,104964000
2023-07-03,442.9200,444.0800,442.6300,443.7900,32793400
2023-07-05,441.9100,443.8900,441.9000,443.1300,58418400
2023-07-06,439.4200,440.1000,437.0600,439.6600,80658300
2023-07-07,438.6300,442.6400,438.3000,438.5500,86134200
2023-07-10,438.1800,439.8400,437.5900,439.6600,62443500
2023-07-11,440.4500,442.9700,439.4400,442.4600,64463800
2023-07-12,446.3900,447.4800,444.9100,446.0200,91924500
2023-07-13,447.9000,450.3800,447.4500,449.5600,72425200
2023-07-14,450.4800,451.3600,448.4900,449.2800,69815800
2023-07-17,449.1300,451.9300,449.0800,450.8400,52680200
2023-07-18,450.5000,454.8600,450.0500,454.1900,80668200
2023-07-19,455.0100,456.4300,454.1100,455.2000,65891700
2023-07-20,454.1700,455.1000,451.4400,452.1800,70591600
2023-07-21,453.9600,454.1700,452.1700,452.1800,71275600
2023-07-24,453.3700,455.0400,452.3000,454.2000,54023400
2023-07-25,453.9200,456.7400,453.8700,455.4400,55191200
2023-07-26,454.4700,456.9900,453.3800,455.5100,71052900
2023-07-27,459.0200,459.4400,451.5500,452.4900,92194400
2023-07-28,455.8800,457.7800,452.4900,456.9200,80011800
2023-07-31,457.4100,458.1600,456.0500,457.7900,62040400
2023-08-01,456.2700,457.2500,455.4900,456.4800,55291500
2023-08-02,453.2500,453.5200,449.3500,450.1300,93933400
2023-08-03,448.0400,450.7900,447.3700,448.8400,64276100
2023-08-04,450.7200,452.9000,446.2700,446.8100,100128900
2023-08-07,448.7100,450.8700,447.9900,450.7100,58357500
2023-08-08,448.0800,450.7000,445.2700,448.7500,71361300
2023-08-09,449.0300,449.2000,444.9600,445.7500,78789600
2023-08-10,448.1900,451.7000,444.7000,445.9100,93005500
2023-08-11,443.9700,446.7000,443.3500,445.6500,68690900
2023-08-14,444.7000,448.1100,444.3800,448.1100,47867400
2023-08-15,446.2700,446.6400,442.3000,442.8900,75707500
2023-08-16,442.4600,444.1800,439.5300,439.6400,80107200
2023-08-17,441.1600,441.4300,435.7500,436.2900,95711300
2023-08-18,433.3700,437.5700,433.0100,436.5000,98852000
2023-08-21,437.5500,440.1100,435.3200,439.3400,68719000
2023-08-22,441.1800,441.1800,437.5700,438.1500,64994200
2023-08-23,439.2500,443.6700,439.1000,443.0300,68441000
2023-08-24,444.6900,445.2200,436.8600,436.8900,88517300
2023-08-25,438.6800,441.3000,435.0000,439.9700,102325100
2023-08-28,442.2400,443.4000,439.9700,442.7600,61595400
2023-08-29,442.6500,449.4500,442.4600,449.1600,83081900
2023-08-30,449.5100,451.6700,448.7800,451.0100,69053900
2023-08-31,451.6500,452.8300,450.1600,450.3500,66084600
2023-09-01,453.1700,453.6700,449.6800,451.1900,58944100
2023-09-05,450.7300,451.0600,449.1700,449.2400,55166200
2023-09-06,448.4000,448.5100,443.8100,446.2200,70758500
2023-09-07,443.1100,445.5500,442.7500,444.8500,70355400
2023-09-08,444.9000,447.1100,444.5300,445.5200,61659700
2023-09-11,448.2400,448.7700,446.4700,448.4500,60180100
2023-09-12,446.9500,448.5300,445.3900,445.9900,67565400
2023-09-13,446.2200,447.7100,445.0800,446.5100,60199300
2023-09-14,449.0700,451.0800,447.7200,450.3600,83430800
2023-09-15,447.1400,447.4800,442.9200,443.3700,111848900
2023-09-18,443.0500,444.9700,442.5600,443.6300,55752200
2023-09-19,442.6800,443.2900,439.9400,442.7100,66514600
2023-09-20,444.0100,444.4400,438.4300,438.6400,82562600
2023-09-21,435.7000,435.9700,431.2300,431.3900,104095800
2023-09-22,432.4500,434.1000,429.9900,430.4200,100829700
2023-09-25,429.1700,432.2700,428.7200,432.2300,70874500
2023-09-26,429.0900,429.8200,425.0200,425.8800,96168400
2023-09-27,427.0900,427.6700,422.2900,426.0500,104705800
2023-09-28,425.4800,430.2500,424.8700,428.5200,92258300
2023-09-29,431.6700,431.8500,425.9100,427.4800,115111300
2023-10-02,426.6200,428.6000,424.4600,427.3100,83798600
2023-10-03,425.0600,427.3700,420.1800,421.5900,103760600
2023-10-04,422.0700,425.4300,420.5600,424.6600,87453000
2023-10-05,424.3600,425.3700,421.1700,424.5000,70142700
2023-10-06,421.9700,431.1300,420.6000,429.5400,113273300
2023-10-09,427.5800,432.8800,427.0100,432.2900,80374400
2023-10-10,432.9400,437.2200,432.5300,434.5400,78607300
2023-10-11,435.6400,436.5800,433.1800,436.3200,62451700
2023-10-12,436.9500,437.3400,431.2300,433.6600,81154200
2023-10-13,435.2100,436.4500,429.8800,431.5000,95143100
2023-10-16,433.8200,437.1400,433.5700,436.0400,75433200
2023-10-17,432.8100,438.1400,432.4500,436.0200,75324700
2023-10-18,434.1900,435.1800,429.0900,430.2100,93559800
2023-10-19,430.9500,432.8200,425.7300,426.4300,121323000
2023-10-20,425.9800,426.5400,421.0800,421.1900,123919900
2023-10-23,419.6100,424.4500,417.8000,420.4600,92035100
2023-10-24,422.6500,424.8200,420.7400,423.6300,78564200
2023-10-25,421.8900,421.9200,417.0200,417.5500,94223200
2023-10-26,416.4500,417.3300,411.6000,412.5500,115156800
2023-10-27,414.1900,414.6000,409.2100,410.6800,107367700
2023-10-30,413.5600,416.6800,412.2200,415.5900,86562700
2023-10-31,416.1800,418.5300,414.2100,418.2000,79665200
2023-11-01,419.2000,423.5000,418.6500,422.6600,98068100
2023-11-02,426.5800,430.9200,426.5600,430.7600,94938900
2023-11-03,433.1400,436.2900,433.0100,434.6900,100167800
2023-11-06,435.4700,436.1500,433.6800,435.6900,67831700
2023-11-07,435.6900,437.5900,434.5100,436.9300,64256100
2023-11-08,437.5500,438.0900,434.8700,437.2500,61746000
2023-11-09,438.4300,438.4700,433.4000,433.8400,83174400
2023-11-10,435.9800,440.9300,433.8300,440.6100,89462200
2023-11-13,439.2300,441.3300,438.4200,440.1900,52236100
2023-11-14,446.3200,450.0600,446.0900,448.7300,97176900
2023-11-15,450.1100,451.3800,448.8000,449.6800,77327600
2023-11-16,449.2200,450.5600,448.1200,450.2300,66665800
2023-11-17,450.2400,451.4200,449.2900,450.7900,83133200
2023-11-20,450.5300,455.1300,450.5200,454.2600,69936200
2023-11-21,453.1800,454.1300,451.9600,453.2700,49244600
2023-11-22,454.9800,456.3800,453.8900,455.0200,59394900
2023-11-24,455.0700,455.5000,454.7300,455.3000,29737400
2023-11-27,454.6500,455.4900,454.0800,454.4800,50506000
2023-11-28,454.0800,456.2700,453.5000,454.9300,62115000
2023-11-29,457.1500,458.3200,454.2000,454.6100,63146000
2023-11-30,455.4800,456.7600,453.3400,456.4000,79752700
2023-12-01,455.7700,459.6500,455.1600,459.1000,89183400
2023-12-04,455.6000,459.1200,454.3400,456.6900,72430900
2023-12-05,455.2600,457.5900,454.8700,456.6000,69793500
2023-12-06,458.8100,458.8400,454.3100,454.7600,69124700
2023-12-07,456.9100,458.9000,456.2900,458.2300,66995400
2023-12-08,457.4600,460.7500,457.2100,460.2000,83194400
2023-12-11,459.6900,462.1700,459.4700,461.9900,65002200
2023-12-12,461.6300,464.2000,460.6000,464.1000,68327600
2023-12-13,464.4900,470.7600,464.1200,470.5000,93278000
2023-12-14,472.5000,473.7300,469.2500,472.0100,119026000
2023-12-15,469.4900,470.7000,467.4300,469.3300,141553700
2023-12-18,470.9800,472.9800,469.8900,471.9700,70375300
2023-12-19,472.5300,474.9200,472.4500,474.8400,55761800
2023-12-20,473.9600,475.9000,467.8200,468.2600,102921000
2023-12-21,471.3300,472.9800,468.8400,472.7000,86667500
2023-12-22,473.8600,475.3800,471.7000,473.6500,67160400
2023-12-26,474.0700,476.5800,473.9900,475.6500,55387000
2023-12-27,475.4400,476.6600,474.8900,476.5100,68000300
2023-12-28,476.8800,477.5500,476.2600,476.6900,77158100
2023-12-29,476.4900,477.0300,473.3000,475.3100,122283100
2024-01-02,472.1600,473.6700,470.4900,472.6500,123623700
2024-01-03,470.4300,471.1900,468.1700,468.7900,103585900
2024-01-04,468.3000,470.9600,467.0500,467.2800,84232200
2024-01-05,467.4900,470.4400,466.4300,467.9200,86118900
2024-01-08,468.4300,474.7500,468.3000,474.6000,74879100
2024-01-09,471.8700,474.9300,471.3500,473.8800,65931400
2024-01-10,474.1600,477.4500,473.8700,476.5600,67310600
2024-01-11,477.5900,478.1200,472.2600,476.3500,77940700
2024-01-12,477.8400,478.6000,475.2300,476.6800,58026400
2024-01-16,475.2600,476.6100,473.0600,474.9300,85014900
2024-01-17,471.8200,472.7900,469.8700,472.2900,68843900
2024-01-18,474.0100,477.0600,472.4200,476.4900,91856200
2024-01-19,477.6500,482.7200,476.5400,482.4300,110834500
2024-01-22,484.0100,485.2200,482.7800,483.4500,75844900
2024-01-23,484.0100,485.1100,482.8900,484.8600,49945300
2024-01-24,487.8100,488.7700,484.8800,485.3900,81765000
2024-01-25,487.5800,488.3100,485.3900,488.0300,72525000
2024-01-26,487.5900,489.1200,486.5400,487.4100,76641600
2024-01-29,487.7300,491.4200,487.1700,491.2700,61322800
2024-01-30,490.5600,491.6200,490.1100,490.8900,58618400
2024-01-31,488.6200,489.0800,482.8600,482.8800,126011100
2024-02-01,484.6300,489.2300,483.8000,489.2000,91891600
2024-02-02,489.6500,496.0500,489.3000,494.3500,99228200
2024-02-05,493.7000,494.3800,490.2300,492.5500,75757100
2024-02-06,493.5200,494.3200,492.0500,493.9800,55918600
2024-02-07,496.2900,498.5300,495.3600,498.1000,70556500
2024-02-08,498.1000,498.7100,497.2600,498.3200,52343600
2024-02-09,498.8400,501.6500,498.4900,501.2000,63979400
2024-02-12,501.1700,503.5000,500.2400,500.9800,56502300
2024-02-13,494.5300,497.0900,490.7200,494.0800,113099200
2024-02-14,496.7900,499.0700,494.4000,498.5700,68387800
2024-02-15,499.2900,502.2000,498.8000,502.0100,61683000
2024-02-16,501.7000,502.8700,498.7500,499.5100,75532900
2024-02-20,497.7200,498.4100,494.4500,496.7600,71736700
2024-02-21,495.4200,497.3700,493.5600,497.2100,59293400
2024-02-22,504.0100,508.4900,503.0200,507.5000,76402500
2024-02-23,509.2700,510.1300,507.1000,507.8500,61321800
2024-02-26,508.3000,508.7500,505.8600,505.9900,50386700
2024-02-27,506.7000,507.1600,504.7500,506.9300,48854500
2024-02-28,505.3300,506.8600,504.9600,506.2600,56506600
2024-02-29,508.0700,509.7400,505.3500,508.0800,83924800
2024-03-01,508.9800,513.2900,508.5600,512.8500,76844800
2024-03-04,512.0300,514.2000,512.0000,512.3000,49799300
2024-03-05,510.2400,510.7000,504.9100,507.1800,72855600
2024-03-06,510.5500,512.0700,508.4200,509.7500,68382400
2024-03-07,513.1400,515.8900,509.8100,514.8100,58652100
2024-03-08,515.4600,518.2200,511.1300,511.7200,86532500
2024-03-11,510.4800,511.8800,508.5000,511.2800,62557200
2024-03-12,513.4500,517.3800,510.8600,516.7800,73114400
2024-03-13,517.1100,517.2900,514.4900,515.9700,55104100
2024-03-14,516.9700,517.1300,511.8200,514.9500,110171800
2024-03-15,510.2100,511.7000,508.1200,509.8300,107646300
2024-03-18,514.0000,515.4800,512.4400,512.8600,88893300
2024-03-19,512.1500,516.0000,511.1200,515.7100,60755300
2024-03-20,515.7700,520.6200,515.0800,520.4800,69594600
2024-03-21,523.3900,524.1100,521.9100,522.2000,60256100
2024-03-22,522.1100,522.6100,520.9700,521.2100,79070800
2024-03-25,519.8000,520.9500,519.6100,519.7700,48512100
2024-03-26,521.2300,521.5800,518.4000,518.8100,65463700
2024-03-27,521.7100,523.2100,519.4900,523.1700,82999800
2024-03-28,523.2100,524.6100,522.7800,523.0700,96294900
2024-04-01,523.8300,524.3800,520.9700,522.1600,62477500
2024-04-02,518.2400,518.9800,516.4800,518.8400,74230300
2024-04-03,517.7200,520.9500,517.6700,519.4100,59155800
2024-04-04,523.5200,523.8700,512.7600,513.0700,96858100
2024-04-05,514.4600,520.4400,514.0100,518.4300,74546500
2024-04-08,519.1500,520.1800,517.8900,518.7200,48401800
2024-04-09,520.5000,520.7500,514.3500,519.3200,68049200
2024-04-10,513.4800,516.1600,512.0900,514.1200,82652800
2024-04-11,515.6800,519.4800,512.0800,518.0000,70099000
2024-04-12,514.3700,515.8200,509.0800,510.8500,92561100
2024-04-15,515.1300,515.3000,503.5800,504.4500,92101400
2024-04-16,504.9400,506.5000,502.2100,503.5300,73484000
2024-04-17,506.0500,506.2200,499.1200,500.5500,75910300
2024-04-18,501.9800,504.1300,498.5600,499.5200,74548100
2024-04-19,499.4400,500.4600,493.8600,495.1600,102212600
2024-04-22,497.8300,502.3800,495.4300,499.7200,67961000
2024-04-23,501.7800,506.0900,499.5300,505.6500,64633600
2024-04-24,506.5600,507.3700,503.1300,505.4100,55928100
2024-04-25,499.1800,504.2700,497.4900,503.4900,69122400
2024-04-26,506.3500,509.8800,505.7000,508.2600,64306100
2024-04-29,510.0900,510.7500,507.2500,510.0600,46415400
2024-04-30,508.5600,509.5600,501.9800,501.9800,77483600
2024-05-01,501.3800,508.1900,499.8700,500.3500,80242800
2024-05-02,504.1500,505.8900,499.5500,505.0300,62550200
2024-05-03,511.1600,512.5500,508.5600,511.2900,72756700
2024-05-06,513.7500,516.6100,513.3000,516.5700,47264700
2024-05-07,517.5600,518.5700,516.4500,517.1400,52561300
2024-05-08,515.2600,517.7400,515.1400,517.1900,42047200
2024-05-09,517.3800,520.2100,516.7100,520.1700,43643700
2024-05-10,521.8100,522.6400,519.5900,520.8400,52233200
2024-05-13,522.5600,522.6700,519.7400,520.9100,36716400
2024-05-14,521.1100,523.8300,520.5600,523.3000,57535900
2024-05-15,525.8300,530.0800,525.1800,529.7800,59504900
2024-05-16,529.8800,531.5200,528.5400,528.6900,50244800
2024-05-17,528.8100,529.5200,527.3200,529.4500,59187600
2024-05-20,529.5700,531.5600,529.1700,530.0600,37764200
2024-05-21,529.2800,531.5200,529.0700,531.3600,33437000
2024-05-22,530.6500,531.3800,527.6000,529.8300,48390000
2024-05-23,532.9600,533.0700,524.7200,525.9600,57211200
2024-05-24,527.8500,530.2700,526.8800,529.4400,41291100
2024-05-28,530.2700,530.5100,527.1100,529.8100,36269600
2024-05-29,525.6800,527.3100,525.3700,526.1000,45190300
2024-05-30,524.5200,525.2000,521.3300,522.6100,46377600
2024-05-31,523.5900,527.5000,518.3600,527.3700,90785800
2024-06-03,529.0200,529.3100,522.6000,527.8000,46835700
2024-06-04,526.4600,529.1500,524.9600,528.3900,34632700
2024-06-05,530.7700,534.6900,528.7300,534.6700,47610400
2024-06-06,534.9800,535.4200,532.6800,534.6600,30808500
2024-06-07,533.6600,536.8900,532.5400,534.0100,43224500
2024-06-10,533.1800,535.9900,532.5700,535.6600,35686100
2024-06-11,534.0700,537.0100,532.0500,536.9500,36383400
2024-06-12,541.6300,544.1200,540.3000,541.3600,63251300
2024-06-13,543.1500,543.3300,539.5900,542.4500,44760900
2024-06-14,540.8800,542.8100,539.8500,542.7800,40089900
2024-06-17,542.0800,548.5300,541.6100,547.1000,55839500
2024-06-18,547.1600,548.6200,546.7300,548.4900,41376400
2024-06-20,549.4400,550.1200,545.1800,547.0000,70328200
2024-06-21,544.4000,545.6500,543.0200,544.5100,64338600
2024-06-24,544.3300,546.9500,542.6200,542.7400,45528700
2024-06-25,543.9900,545.2000,542.4400,544.8300,37936200
2024-06-26,543.6900,546.2400,543.0300,545.5100,38550600
2024-06-27,545.3700,546.9600,544.6100,546.3700,35041500
2024-06-28,547.1600,550.2800,542.9500,544.2200,76144500
2024-07-01,545.6300,545.8800,542.5200,545.3400,40297800
2024-07-02,543.7000,549.0100,543.6500,549.0100,40434800
2024-07-03,548.6900,551.8300,548.6500,551.4600,32789900
2024-07-05,551.7700,555.0500,551.1200,554.6400,41488400
2024-07-08,555.4400,556.2500,554.1900,555.2800,36110500
2024-07-09,556.2600,557.1800,555.5200,555.8200,27289700
2024-07-10,557.0700,561.6700,556.7700,561.3200,38701200
2024-07-11,561.4400,562.3300,555.8300,556.4800,53054200
2024-07-12,557.6300,563.6700,557.1500,559.9900,53084400
2024-07-15,562.0300,564.8400,559.6300,561.5300,40584300
2024-07-16,562.8700,565.1600,562.1000,564.8600,36475300
2024-07-17,558.8000,560.5100,556.6100,556.9400,57119000
2024-07-18,558.5100,559.5200,550.4300,552.6600,56270400
2024-07-19,552.4200,554.0800,547.9100,548.9900,65509100
2024-07-22,553.0000,555.2700,551.0200,554.6500,43346700
2024-07-23,554.5400,556.7400,553.2800,553.7800,34439600
2024-07-24,548.8600,549.1700,540.2900,541.2300,74515300
2024-07-25,541.3500,547.4600,537.4500,538.4100,61158300
2024-07-26,542.2800,547.1900,541.4900,544.4400,53763800
2024-07-29,546.0200,547.0500,542.7200,544.7600,39515800
2024-07-30,546.2600,547.3400,538.5200,542.0000,46853600
2024-07-31,548.9800,553.5000,547.5800,550.8100,65663400
2024-08-01,552.5700,554.8700,539.4300,543.0100,76428700
2024-08-02,535.7500,536.9900,528.6000,532.9000,82789100
2024-08-05,511.6400,523.5800,510.2700,517.3800,146267400
2024-08-06,519.2200,529.7500,517.8700,522.1500,84826300
2024-08-07,528.4700,531.5900,518.0500,518.6600,70698300
2024-08-08,523.9100,531.2900,521.8400,530.6500,63276600
2024-08-09,529.8100,534.5100,528.5600,532.9900,45619600
2024-08-12,534.2100,535.7300,530.9500,533.2700,42542100
2024-08-13,536.5300,542.2800,536.2800,542.0400,52333100
2024-08-14,542.8500,544.9600,540.1200,543.7500,42446900
2024-08-15,549.5000,553.3600,548.8800,553.0700,60846800
2024-08-16,551.4200,555.0200,551.2600,554.3100,44430700
2024-08-19,554.7300,559.6100,553.8600,559.6100,39121800
2024-08-20,559.1500,560.8400,557.3300,558.7000,33732300
2024-08-21,559.7700,562.1100,554.7300,560.6200,41514600
2024-08-22,562.5600,563.1800,554.9800,556.2200,56121500
2024-08-23,559.5300,563.0900,557.2900,562.1300,50639400
2024-08-26,563.1800,563.9100,559.0500,560.7900,35788600
2024-08-27,559.4900,562.0600,558.3200,561.5600,32693900
2024-08-28,561.2100,561.6500,555.0400,558.3000,41066000
2024-08-29,560.3100,563.6800,557.1800,558.3500,38715200
2024-08-30,560.7700,564.2000,557.1400,563.6800,62700100
2024-09-03,560.4700,560.8100,549.5100,552.0800,60600100
2024-09-04,550.2000,554.4300,549.4600,550.9500,47224900
2024-09-05,550.8900,553.8000,547.1000,549.6100,44264300
2024-09-06,549.9400,551.6000,539.4400,540.3600,68493800
2024-09-09,544.6500,547.7100,542.6800,546.4100,40445800
2024-09-10,548.3600,549.1500,543.3800,548.7900,36394600
2024-09-11,548.7000,555.3600,539.9600,554.4200,75248600
2024-09-12,555.0100,559.4000,552.7400,559.0900,51819600
2024-09-13,559.7100,563.0300,559.4500,562.0100,39310500
2024-09-16,561.7400,563.1100,559.9000,562.8400,36656100
2024-09-17,565.1000,566.5800,560.7900,563.0700,49321000
2024-09-18,563.7400,568.6900,560.8300,561.4000,59044900
2024-09-19,571.0100,572.8800,568.0800,570.9800,75315500
2024-09-20,567.8400,569.3100,565.1700,568.2500,77503100
2024-09-23,569.3400,570.3300,568.1000,569.6700,44116900
2024-09-24,570.4800,571.3600,567.6000,571.3000,46805700
2024-09-25,571.1400,571.8900,568.9100,570.0400,38428600
2024-09-26,574.3800,574.7100,569.9000,572.3000,48336000
2024-09-27,573.3900,574.2200,570.4200,571.4700,42100900
2024-09-30,570.4200,574.3800,568.0800,573.7600,63557400
2024-10-01,573.4000,574.0600,566.0000,568.6200,72668800
2024-10-02,567.7100,569.9000,565.2700,568.8600,38097800
2024-10-03,567.3600,569.8000,565.4900,567.8200,40846500
2024-10-04,572.3500,573.3600,568.1000,572.9800,42939100
2024-10-07,571.3000,571.9600,566.6300,567.8000,49964700
2024-10-08,570.4200,573.7800,569.5300,573.1700,37398700
2024-10-09,573.1600,577.7100,572.5500,577.1400,37912200
2024-10-10,575.7700,577.5800,574.4900,576.1300,44138100
2024-10-11,576.0500,580.3300,575.9100,579.5800,42268000
2024-10-14,581.2200,585.2700,580.7300,584.3200,36217200
2024-10-15,584.5900,584.9000,578.5400,579.7800,54203600
2024-10-16,579.7800,582.8300,578.9600,582.3000,30725400
2024-10-17,585.9100,586.1200,582.1600,582.3500,34393700
2024-10-18,584.0700,585.3900,582.5800,584.5900,37416800
2024-10-21,583.8500,584.8500,580.6000,583.6300,36439000
2024-10-22,581.0500,584.5000,580.3800,583.3200,34183800
2024-10-23,581.2600,581.7100,574.4200,577.9900,49314600
2024-10-24,579.9800,580.0600,576.5700,579.2400,34979900
2024-10-25,581.5100,584.4600,578.0800,579.0400,47268200
2024-10-28,582.5800,582.7100,580.5200,580.8300,30174700
2024-10-29,579.8500,582.9100,578.4300,581.7700,42899700
2024-10-30,581.2900,583.3200,579.2900,580.0100,41435800
2024-10-31,575.5600,575.6300,568.4400,568.6400,60182500
2024-11-01,571.3200,575.5500,570.6200,571.0400,45667500
2024-11-04,571.1800,572.5000,567.8900,569.8100,38217000
2024-11-05,570.7400,576.7400,570.5200,576.7000,39478300
2024-11-06,589.2000,591.9300,585.3900,591.0400,68182000
2024-11-07,593.0800,596.6500,593.0000,595.6100,47233200
2024-11-08,596.1700,599.6400,596.1700,598.1900,46444900
2024-11-11,599.8100,600.1700,597.0000,598.7600,37586800
2024-11-12,598.6800,599.2900,594.3700,596.9000,43006100
2024-11-13,597.3700,599.2300,594.9600,597.1900,47388600
2024-11-14,597.3200,597.8100,592.6500,593.3500,38904100
2024-11-15,589.7200,590.2000,583.8600,585.7500,75988800
2024-11-18,586.2200,589.4900,585.3400,588.1500,37001700
2024-11-19,584.7100,591.0400,584.0300,590.3000,49412000
2024-11-20,590.3800,590.7900,584.6300,590.5000,50032600
2024-11-21,593.4000,595.1200,587.4500,593.6700,46750300
2024-11-22,593.6600,596.1500,593.1500,595.5100,38226400
2024-11-25,599.5200,600.8600,595.2000,597.5300,42441400
2024-11-26,598.8000,601.3300,598.0700,600.6500,45621300
2024-11-27,600.4600,600.8500,597.2800,598.8300,34000200
2024-11-29,599.6600,603.3500,599.3800,602.5500,30177400
2024-12-02,602.9700,604.3200,602.4700,603.6300,31746000
2024-12-03,603.3900,604.1600,602.3400,603.9100,26906600
2024-12-04,605.6300,607.9100,604.9500,607.6600,42787600
2024-12-05,607.6600,608.4800,606.3000,606.6600,28762200
2024-12-06,607.4400,609.0700,607.0200,607.8100,31241500
2024-12-09,607.6900,607.8600,604.0800,604.6800,34742700
2024-12-10,605.3700,605.8000,602.1300,602.8000,37234500
2024-12-11,605.7800,608.4300,605.5000,607.4600,28677700
2024-12-12,606.5800,607.1600,604.3300,604.3300,31543800
2024-12-13,606.4000,607.1300,602.8100,604.2100,35904700
2024-12-16,606.0000,607.7800,605.2100,606.7900,43695200
2024-12-17,604.1900,605.1700,602.8900,604.2900,55773500
2024-12-18,603.9800,606.4100,585.8900,586.2800,108248700
2024-12-19,591.3600,593.0000,585.8500,586.1000,85919500
2024-12-20,581.7700,595.7500,580.9100,591.1500,125716700
2024-12-23,590.8900,595.3000,587.6600,594.6900,57635800
2024-12-24,596.0600,601.3400,595.4700,601.3000,33160100
2024-12-26,599.5000,602.4800,598.0800,601.3400,41219100
2024-12-27,597.5400,597.7800,590.7600,595.0100,64969300
2024-12-30,587.8900,591.7400,584.4100,588.2200,56578800
2024-12-31,589.9100,590.6400,584.4200,586.0800,57052700
2025-01-02,589.3900,591.1300,580.5000,584.6400,50204000
2025-01-03,587.5300,592.6000,586.4300,591.9500,37888500
2025-01-06,596.2700,599.7000,593.6000,595.3600,47679400
2025-01-07,597.4200,597.7500,586.7800,588.6300,60393100
2025-01-08,588.7000,590.5800,585.2000,589.4900,47304700
2025-01-10,585.8800,585.9500,578.5500,580.4900,73105000
2025-01-13,575.7700,581.7500,575.3500,581.3900,47910100
2025-01-14,584.3600,585.0000,578.3500,582.1900,48420600
2025-01-15,590.3300,593.9400,589.2000,592.7800,56900200
2025-01-16,594.1700,594.3500,590.9300,591.6400,43319700
2025-01-17,596.9600,599.3600,595.6100,597.5800,58070600
2025-01-21,600.6700,603.0600,598.6700,603.0500,42532900
2025-01-22,605.9200,607.8200,605.3600,606.4400,48196000
2025-01-23,605.8000,609.7500,605.5200,609.7500,41152100
2025-01-24,609.8100,610.7800,606.8000,607.9700,34604700
2025-01-27,594.8100,599.6900,594.6400,599.3700,70361100
2025-01-28,600.6200,605.3700,597.2500,604.5200,44433300
2025-01-29,603.7200,604.1300,599.2200,601.8100,37177400
2025-01-30,603.9600,606.6000,600.7200,605.0400,39281300
2025-01-31,607.5000,609.9600,601.0500,601.8200,66566900
2025-02-03,592.6700,600.2900,590.4900,597.7700,65857200
2025-02-04,597.8300,602.3000,597.2800,601.7800,33457800
2025-02-05,600.6400,604.3700,598.5800,604.2200,30653100
2025-02-06,605.9900,606.4500,602.6300,606.3200,35771500
2025-02-07,606.8900,608.1300,600.0500,600.7700,50788500
2025-02-10,604.0300,605.5000,602.7400,604.8500,26048700
2025-02-11,602.5500,605.8600,602.4300,605.3100,30056700
2025-02-12,599.2000,604.5500,598.5100,603.3600,45076100
2025-02-13,604.4800,609.9400,603.2000,609.7300,40921300
2025-02-14,609.9400,610.9900,609.0700,609.7000,26910400
2025-02-18,610.8800,611.4900,608.3800,611.4900,26749000
2025-02-19,610.0800,613.2300,609.5600,612.9300,31011100
2025-02-20,611.5400,611.6800,607.0200,610.3800,36554000
2025-02-21,610.1600,610.3000,599.4700,599.9400,76519800
2025-02-24,602.0200,603.0300,596.4900,597.2100,50737200
2025-02-25,597.1500,597.8900,589.5600,594.2400,58266500
2025-02-26,595.9300,599.5800,591.8600,594.5400,43321600
2025-02-27,596.8500,598.0200,584.6500,585.0500,74196700
2025-02-28,585.5600,594.7200,582.4400,594.1800,88744100
2025-03-03,596.1800,597.3400,579.9000,583.7700,74249200
2025-03-04,579.7100,585.3900,572.2500,576.8600,109648200
2025-03-05,576.6900,584.8800,573.0800,583.0600,71230500
2025-03-06,575.4800,580.1700,570.1200,572.7100,80094900
2025-03-07,570.9000,577.3900,565.6300,575.9200,81158800
2025-03-10,567.5900,569.5400,555.5900,560.5800,99326600
2025-03-11,559.4000,564.0200,552.0200,555.9200,88102100
2025-03-12,562.1700,563.1100,553.6900,558.8700,69588200
2025-03-13,558.4900,559.1100,549.6800,551.4200,74079400
2025-03-14,556.1100,563.8300,551.4900,562.8100,62660300
2025-03-17,562.7900,569.7100,562.3500,567.1500,49008700
2025-03-18,564.8000,565.0200,559.0600,561.0200,66041400
2025-03-19,562.8300,570.9500,561.6300,567.1300,66556000
2025-03-20,563.3300,570.5700,562.6000,565.4900,62958200
2025-03-21,559.2800,564.8900,558.0300,563.9800,83763000
2025-03-24,570.8000,575.1500,570.2000,574.0800,58766800
2025-03-25,575.3000,576.4100,573.6900,575.4600,38355700
2025-03-26,575.1900,576.3300,567.1900,568.5900,51848300
2025-03-27,567.1800,570.9000,564.9400,567.0800,42164200
2025-03-28,565.5300,566.2700,555.0700,555.6600,71662700
2025-03-31,549.8300,560.7100,546.8700,559.3900,95328200
2025-04-01,557.4500,562.9400,553.6800,560.9700,54609600
2025-04-02,555.0500,567.4200,554.8100,564.5200,76014500
2025-04-03,545.1100,547.9700,536.7000,536.7000,125986000
2025-04-04,523.6700,525.8700,505.0600,505.2800,217965100
2025-04-07,489.1900,523.1700,481.8000,504.3800,256611400
2025-04-08,521.8600,524.9800,489.1600,496.4800,165816600
2025-04-09,493.4400,548.6200,493.0500,548.6200,241867300
2025-04-10,532.1700,533.5000,509.3200,524.5800,162331200
2025-04-11,523.0100,536.4300,520.0700,533.9400,97866300
2025-04-14,544.0500,544.2800,533.8600,539.1200,68034000
2025-04-15,539.6700,543.2300,536.8100,537.6100,56892900
2025-04-16,531.6800,537.8900,520.2900,525.6600,83484800
2025-04-17,527.6400,531.1700,523.9100,526.4100,79868100
2025-04-21,521.1600,521.7000,508.4600,513.8800,69368100
2025-04-22,520.1400,529.3000,519.1900,527.2500,75948100
2025-04-23,540.4300,545.4300,533.8800,535.4200,90590700
2025-04-24,536.7200,547.4300,535.4500,546.6900,64150400
2025-04-25,546.6500,551.0500,543.6900,550.6400,61119600
2025-04-28,551.3900,553.5500,545.0200,550.8500,47613800
2025-04-29,548.9100,555.4500,548.5500,554.3200,47775100
2025-04-30,547.5700,556.5200,541.5200,554.5400,93101500
2025-05-01,560.3700,564.0700,557.8600,558.4700,63186100
2025-05-02,564.7300,568.3800,562.3800,566.7600,60717300
2025-05-05,562.5700,566.6500,561.7000,563.5100,38659200
2025-05-06,557.9300,563.3500,556.9600,558.8000,48264700
2025-05-07,560.1500,563.8200,556.0400,561.1500,55588000
2025-05-08,565.2400,570.3100,561.7000,565.0600,65130800
2025-05-09,566.4800,567.5000,562.7600,564.3400,37603400
2025-05-12,581.4700,583.0000,577.0400,582.9900,78993600
2025-05-13,583.4100,589.0800,582.8400,586.8400,67947200
2025-05-14,587.8100,588.9800,585.5400,587.5900,66283500
2025-05-15,585.5600,590.9700,585.1000,590.4600,71268100
2025-05-16,591.2500,594.5000,589.2800,594.2000,76052100
2025-05-19,588.1000,595.5400,588.1000,594.8500,68168500
2025-05-20,593.0900,594.0500,589.6000,592.8500,60614500
2025-05-21,588.4400,592.5800,581.8200,582.8600,95197700
2025-05-22,582.6600,586.6200,581.4100,583.0900,70860400
2025-05-23,575.9800,581.8100,575.6000,579.1100,76029000
2025-05-27,586.0700,591.3100,578.4300,591.1500,72588500
2025-05-28,591.5600,592.7700,586.9900,587.7300,68445500
2025-05-29,593.0600,593.2000,586.0700,590.0500,69973300
2025-05-30,588.9300,591.1300,583.2400,589.3900,90601200
2025-06-02,587.7600,592.7900,585.0600,592.7100,61630500
2025-06-03,592.3400,597.0800,591.8500,596.0900,63606200
2025-06-04,596.9600,597.9500,595.4900,595.9300,57314200
2025-06-05,597.6300,599.0000,591.0500,593.0500,92278700
2025-06-06,598.6600,600.8300,596.8600,599.1400,66588700
2025-06-09,599.7200,601.2500,598.4900,599.6800,53016400
2025-06-10,600.2200,603.4700,599.0900,603.0800,66247000
2025-06-11,604.1900,605.0600,599.2700,601.3600,73658200
2025-06-12,600.0100,603.7500,599.5200,603.7500,64129000
2025-06-13,598.5000,601.8500,595.4800,597.0000,89506000
2025-06-16,600.4000,604.4500,600.2200,602.6800,79984100
2025-06-17,600.2100,601.7500,596.7600,597.5300,82209400
2025-06-18,598.4400,601.2200,596.4700,597.4400,76605000
2025-06-20,598.3800,599.4600,592.8600,594.2800,94051400
2025-06-23,595.0400,600.5400,591.8900,600.1500,87426000
2025-06-24,604.3300,607.8500,603.4100,606.7800,67735300
2025-06-25,607.9100,608.6100,605.5400,607.1200,62114800
2025-06-26,608.9900,612.3100,608.3700,611.8700,78548400
2025-06-27,612.8800,616.3900,610.8300,614.9100,86258400
2025-06-30,617.3800,619.2200,615.0400,617.8500,92502500
2025-07-01,616.3600,618.8300,615.5200,617.6500,70030100
2025-07-02,617.2400,620.4900,616.6100,620.4500,66510400
2025-07-03,622.4500,626.2800,622.4300,625.3400,51065800
2025-07-07,623.3600,624.0300,617.8700,620.6800,74814500
2025-07-08,621.3500,622.1100,619.5200,620.3400,59024600
2025-07-09,622.7700,624.7200,620.9100,624.0600,66113300
2025-07-10,624.2000,626.8700,623.0100,625.8200,57529000
2025-07-11,622.7400,624.8600,621.5300,623.6200,63670200
2025-07-14,623.1600,625.1600,621.8000,624.8100,51898500
2025-07-15,627.5200,627.8600,622.0600,622.1400,74317300
2025-07-16,623.7400,624.7300,618.0500,624.2200,88987500
2025-07-17,624.4000,628.4000,624.1800,628.0400,68885700
2025-07-18,629.3000,629.4700,626.4600,627.5800,65621600
2025-07-21,628.7700,631.5400,628.3400,628.7700,63375000
2025-07-22,629.1000,629.7300,626.1900,628.8600,60046300
2025-07-23,631.5500,634.2100,629.7300,634.2100,70511000
2025-07-24,634.6000,636.1500,633.9900,634.4200,71307100
2025-07-25,635.0900,637.5800,634.8400,637.1000,56865400
2025-07-28,637.4800,638.0400,635.5400,636.9400,54917100
2025-07-29,638.3500,638.6700,634.3400,635.2600,60556300
2025-07-30,635.9200,637.6800,631.5400,634.4600,80418900
2025-07-31,639.4600,639.8500,630.7700,632.0800,103385200
2025-08-01,626.3000,626.3400,619.2900,621.7200,140103600
2025-08-04,625.6700,631.2200,625.5800,631.1700,73218000
2025-08-05,631.7900,632.6100,627.0400,627.9700,68051400
2025-08-06,629.0500,633.4400,628.1300,632.7800,64357500
2025-08-07,636.2400,636.9800,629.1100,632.2500,74205800
2025-08-08,634.0600,637.6500,633.7400,637.1800,64051600
2025-08-11,637.4600,638.9500,634.6600,635.9200,58742300
2025-08-12,638.2900,642.8500,636.7900,642.6900,64730800
2025-08-13,644.9100,646.1900,642.6800,644.8900,60092800
2025-08-14,642.7900,645.6200,642.3400,644.9500,59327500
2025-08-15,645.9900,646.0900,642.5200,643.4400,68592500
2025-08-18,642.8600,644.0000,642.1800,643.3000,43804900
2025-08-19,643.1200,644.1100,638.4800,639.8100,69750700
2025-08-20,639.4000,639.6600,632.9500,638.1100,88890300
2025-08-21,636.2800,637.9700,633.8100,635.5500,54805800
2025-08-22,637.7600,646.5000,637.2500,645.3100,84083200
2025-08-25,644.0400,645.2900,642.3500,642.4700,51274300
2025-08-26,642.2000,645.5100,641.5700,645.1600,51581600
2025-08-27,644.5700,647.3700,644.4200,646.6300,48341100
2025-08-28,647.2400,649.4800,645.3400,648.9200,61519500
2025-08-29,647.4700,647.8400,643.1400,645.0500,74522200
2025-09-02,637.5000,640.4900,634.9200,640.2700,81983500
2025-09-03,642.6700,644.2100,640.4600,643.7400,70820900
2025-09-04,644.4200,649.1500,643.5100,649.1200,65219200
2025-09-05,651.4800,652.2100,643.3300,647.2400,85178900
2025-09-08,648.6200,649.8400,647.2300,648.8300,63133100
2025-09-09,648.9700,650.8600,647.2200,650.3300,66133900
2025-09-10,653.6200,654.5500,650.6300,652.2100,78034500
2025-09-11,654.1800,658.3300,653.5900,657.6300,69934400
2025-09-12,657.6000,659.1100,656.9000,657.4100,72780100
2025-09-15,659.6400,661.0400,659.3400,660.9100,63772400
2025-09-16,661.4700,661.7800,659.2100,660.0000,61169000
2025-09-17,660.0100,661.7200,654.3000,659.1800,101952200
2025-09-18,661.8900,664.8900,660.2700,662.2600,90459200
2025-09-19,662.3300,664.5500,660.3700,663.7000,97945600
2025-09-22,662.2000,667.2900,662.1700,666.8400,69452200
2025-09-23,666.7200,667.3400,661.9800,663.2100,81708900
2025-09-24,664.5100,664.6100,659.6700,661.1000,68082200
2025-09-25,657.9400,659.4100,654.4100,658.0500,89622100
2025-09-26,659.5100,662.3700,657.8800,661.8200,69179200
2025-09-29,664.3600,665.2800,661.8600,663.6800,73499000
2025-09-30,662.9300,666.6500,661.6100,666.1800,86288000
2025-10-01,663.1700,669.3700,663.0600,668.4500,72545400
2025-10-02,670.4500,670.5700,666.7800,669.2200,56896000
2025-10-03,669.9900,672.6800,668.1600,669.2100,70494400
2025-10-06,671.6200,672.5100,669.4600,671.6100,54623300
2025-10-07,672.5400,672.9900,667.6700,669.1200,72020100
2025-10-08,670.2500,673.2100,669.4200,673.1100,60702200
2025-10-09,673.5300,673.9400,669.2100,671.1600,66501900
2025-10-10,672.1300,673.9500,652.8400,653.0200,159422600
2025-10-13,660.6500,665.1300,659.7700,663.0400,79560500
2025-10-14,657.1700,665.8300,653.1700,662.2300,88779600
2025-10-15,666.8200,670.2300,658.9300,665.1700,81702600
2025-10-16,666.8200,668.7100,657.1100,660.6400,110563300
2025-10-17,659.5000,665.7600,658.1400,664.3900,96500900
2025-10-20,667.3200,672.2100,667.2700,671.3000,60493400
2025-10-21,671.4400,672.9900,669.9800,671.2900,56249000
2025-10-22,672.0000,672.0000,663.3000,667.8000,80564000
2025-10-23,668.1200,672.7100,667.8000,671.7600,65604500
2025-10-24,676.4600,678.4700,675.6500,677.2500,74356500
2025-10-27,682.7300,685.5400,682.1200,685.2400,63339800
2025-10-28,687.0500,688.9100,684.8300,687.0600,61738100
2025-10-29,688.7200,689.7000,682.8700,687.3900,85657100
2025-10-30,683.9000,685.9400,679.8300,679.8300,76335800
2025-10-31,685.0400,685.0800,679.2400,682.0600,87164100
2025-11-03,685.6700,685.8000,679.9400,683.3400,57315000
2025-11-04,676.1100,679.9600,674.5800,675.2400,78427000
2025-11-05,674.9800,680.8600,674.1700,677.5800,74402400
2025-11-06,676.4700,677.3800,668.7200,670.3100,85035300
2025-11-07,667.9100,671.0800,661.2100,670.9700,100592400
2025-11-10,677.2400,682.1800,675.0300,681.4400,75842900
2025-11-11,679.9500,683.5700,678.7300,683.0000,58953400
2025-11-12,684.7900,684.9600,680.9500,683.3800,62312500
2025-11-13,680.5000,680.8600,670.5200,672.0400,103457800
2025-11-14,665.3800,675.6600,663.2700,671.9300,96846700
2025-11-17,669.7000,673.7100,662.1700,665.6700,90456100
2025-11-18,662.1000,665.1200,655.8600,660.0800,114467500
2025-11-19,660.7800,667.3400,658.7500,662.6300,94703000
2025-11-20,672.9100,675.5600,651.8900,652.5300,165293500
2025-11-21,655.0500,664.5500,650.8500,659.0300,123956200
2025-11-24,662.6900,670.0600,661.5900,668.7300,80437900
2025-11-25,668.6300,676.2100,664.4800,675.0200,81077100
2025-11-26,677.6300,681.7000,676.7200,679.6800,71879600
2025-11-28,680.8600,683.6700,680.5000,683.3900,49212000
2025-12-01,678.8100,682.9900,678.7400,680.2700,61201200
2025-12-02,681.9200,683.8200,679.3300,681.5300,62953800
2025-12-03,680.5700,684.9100,679.6900,683.8900,57238500
2025-12-04,685.3000,685.3700,681.3400,684.3900,61970300
2025-12-05,685.4700,688.3900,684.5800,685.6900,79241000
2025-12-08,686.5900,686.6400,681.5700,683.6300,55231500
2025-12-09,683.1500,685.3900,682.5900,683.0400,58310100
2025-12-10,682.5600,688.9700,681.3100,687.5700,85671300
2025-12-11,685.1400,689.2500,682.1700,689.1700,86173700
2025-12-12,688.1700,688.8800,679.1700,681.7600,113160300
2025-12-15,685.7400,685.7600,679.2500,680.7300,90811000
2025-12-16,679.2300,681.0800,674.9800,678.8700,122030600
2025-12-17,679.8900,680.4400,671.2000,671.4000,110625200
2025-12-18,677.6000,680.7400,674.9000,676.4700,108650100
2025-12-19,676.5900,681.0900,676.4700,680.5900,103599500
2025-12-22,683.9400,685.3600,680.5900,684.8300,69556700
2025-12-23,683.9200,688.2000,683.8700,687.9600,64840000
2025-12-24,687.9500,690.8300,687.8000,690.3800,39445600
2025-12-26,690.6400,691.6600,689.2700,690.3100,41613300
2025-12-29,687.5400,689.2000,686.0700,687.8500,62559500
2025-12-30,687.4500,688.5600,686.5800,687.0100,47160700
2025-12-31,687.1400,687.3600,681.7100,681.9200,74144800
2026-01-02,685.7100,686.8700,679.8200,683.1700,89377200
2026-01-05,686.5400,689.4300,686.3800,687.7200,71927200
2026-01-06,687.9300,692.3200,687.7800,691.8100,69273800
2026-01-07,692.1900,693.9600,689.3200,689.5800,75588300
2026-01-08,688.8200,690.6200,687.4900,689.5100,64019200
2026-01-09,690.6300,695.3100,689.1800,694.0700,80125500
2026-01-12,690.6800,696.0900,690.6300,695.1600,63976000
2026-01-13,695.4900,696.0900,691.3500,693.7700,78309700
2026-01-14,691.0000,691.7200,686.0400,690.3600,94676700
2026-01-15,694.5700,695.4500,691.2500,692.2400,77862000
2026-01-16,693.6600,694.2500,690.1000,691.6600,79289200
2026-01-20,681.4900,684.7700,676.5700,677.5800,111623300
2026-01-21,679.6500,688.7400,678.1300,685.4000,127844500
2026-01-22,689.8500,691.1300,686.9200,688.9800,77112200
2026-01-23,688.1500,690.9600,687.1600,689.2300,63059600
2026-01-26,690.4900,694.1300,689.9200,692.7300,60473800
2026-01-27,694.1800,696.5300,693.5700,695.4900,55506100
2026-01-28,697.0500,697.8400,693.9400,695.4200,61172200
2026-01-29,696.3900,697.0600,684.8300,694.0400,97486200
2026-01-30,691.7900,694.2100,687.1200,691.9700,101835100
2026-02-02,689.5800,696.9300,689.4200,695.4100,79286500
2026-02-03,696.2100,696.9600,684.0300,689.5300,107904600
2026-02-04,690.3500,691.4500,681.7600,686.1900,105204600
2026-02-05,680.9400,683.6900,675.7900,677.6200,113610800
2026-02-06,681.4600,692.3100,680.8500,690.6200,89127600
2026-02-09,689.4200,695.8700,688.3400,693.9500,73885200
2026-02-10,694.9500,696.5400,691.6600,692.1200,65185700
2026-02-11,696.3900,697.1400,689.1800,691.9600,76353900
2026-02-12,694.2400,695.3500,680.3700,681.2700,118829000
2026-02-13,681.6900,686.2800,677.5200,681.7500,96267500
2026-02-17,680.1400,684.9400,675.7800,682.8500,81354700
2026-02-18,684.0200,689.1500,682.8300,686.2900,73570300
2026-02-19,683.8400,686.1800,681.5500,684.4800,58649400
2026-02-20,682.3200,690.0600,681.7300,689.4300,100034000
2026-02-23,687.8300,690.0000,680.3700,682.3900,90558100
2026-02-24,681.9000,688.3500,680.0000,687.3500,73798700
2026-02-25,690.1800,693.6800,690.1000,693.1500,56369500
2026-02-26,693.2800,693.3000,684.3500,689.3000,71671000
2026-02-27,683.0900,686.8600,681.6400,685.9900,83308900
2026-03-02,678.7000,688.6200,678.0200,686.3800,87477200
2026-03-03,675.0600,682.6100,669.6600,680.3300,105003100
2026-03-04,681.6300,687.0900,679.6200,685.1300,79182200
2026-03-05,682.0800,685.5300,675.6100,681.3100,106606500
2026-03-06,673.4100,676.1100,669.7600,672.3800,100687000
2026-03-09,666.3900,679.9200,662.3900,678.2700,102667700
2026-03-10,677.7200,683.3600,674.7600,677.1800,81505300
2026-03-11,677.5800,680.0800,673.3400,676.3300,68441700
2026-03-12,671.1600,671.6500,665.8700,666.0600,108882200
2026-03-13,669.2700,672.3400,661.3600,662.2900,97200200
2026-03-16,668.3800,672.0700,667.1200,669.0300,82023100
2026-03-17,672.3900,674.4400,669.7000,670.7900,87128000
2026-03-18,668.3600,669.7200,661.1900,661.4300,82062600
2026-03-19,656.9700,662.9800,655.1700,659.8000,111272500
2026-03-20,656.5100,656.6900,644.7200,648.5700,163617500
2026-03-23,658.0700,662.6200,653.9400,655.3800,134802700
2026-03-24,651.3200,657.0300,649.8800,653.1800,96457500
2026-03-25,658.6700,660.8900,654.2400,656.8200,90653800
2026-03-26,652.0600,654.8500,644.8200,645.0900,96494400
2026-03-27,642.5000,642.6600,633.1100,634.0900,103649400
2026-03-30,640.1100,640.3700,629.2800,631.9700,99275900
2026-03-31,638.9400,651.5400,637.9800,650.3400,152534100
2026-04-01,653.9000,658.5200,653.0000,655.2400,97841500
2026-04-02,646.4200,658.2000,645.1100,655.8300,68358700
2026-04-06,655.8600,659.7200,655.5200,658.9300,39105800
2026-04-07,656.6500,659.6100,651.0600,659.2200,69980400
2026-04-08,676.3900,677.0800,671.4600,676.0100,93606100
2026-04-09,674.8400,681.1600,673.7700,679.9100,57134400
2026-04-10,681.3200,682.0300,678.4500,679.4600,42253500
2026-04-13,677.4100,686.3000,676.5800,686.1000,54185800
2026-04-14,687.6900,694.5800,687.6600,694.4600,63480500
2026-04-15,695.2600,700.2800,694.2000,699.9400,58240400
2026-04-16,701.0600,702.7800,698.5300,701.6600,49972400
2026-04-17,706.1400,712.3900,705.7600,710.1400,70661900
2026-04-20,708.7800,709.9100,706.1400,708.7200,43546800
2026-04-21,710.2800,711.2800,702.6400,704.0800,58941400
2026-04-22,709.1500,711.4500,708.2200,711.2100,42518500
2026-04-23,709.5000,712.3600,702.2800,708.4500,56174000
2026-04-24,710.7500,714.4700,709.0100,713.9400,45182000
2026-04-27,713.1700,715.6300,712.3000,715.1700,33135900
2026-04-28,711.8200,712.8800,709.2500,711.6900,43117400
2026-04-29,711.0000,712.2000,708.3700,711.5800,41859200
2026-04-30,714.6300,719.7900,710.4500,718.6600,67240900
2026-05-01,721.2500,724.8700,720.4700,720.6500,43049800
2026-05-04,720.0700,722.1200,714.9900,718.0100,51950600
2026-05-05,721.7700,725.0400,721.4900,723.7700,36933200
2026-05-06,728.1600,734.5900,727.8200,733.8300,53288900
2026-05-07,735.0500,736.1300,729.7500,731.5800,51724600
2026-05-08,734.9300,738.0800,734.5700,737.6200,47227100
2026-05-11,736.4500,740.7900,736.4500,739.3000,44024000
2026-05-12,736.8900,738.8400,731.8300,738.1800,54185300
2026-05-13,738.4700,743.9100,735.4700,742.3100,44200200
2026-05-14,743.6500,749.5300,743.5600,748.1700,45307600
2026-05-15,741.7900,743.4600,737.9600,739.1700,60410800
2026-05-18,739.8300,741.4200,733.3900,738.6500,47843900
2026-05-19,734.7800,737.6500,731.5300,733.7300,54255900
2026-05-20,735.7100,741.8700,733.8900,741.2500,45768000
2026-05-21,738.6400,744.8700,737.0300,742.7200,43332200
2026-05-22,746.2400,748.9400,744.4800,745.6400,41762000
2026-05-26,750.0100,752.1300,748.3700,750.5900,41123600
2026-05-27,750.8800,751.3800,748.2200,750.4600,42106300
2026-05-28,750.2500,755.1500,749.2300,754.6000,41562600
2026-05-29,755.9000,758.0800,754.6900,756.4800,55075700
2026-06-01,755.3600,760.2800,754.6900,758.5400,43634900
2026-06-02,757.0300,760.4000,756.7500,759.5700,31581900
2026-06-03,758.1500,758.8000,753.5700,754.2400,51402500
2026-06-04,752.1000,758.3100,751.4700,757.0900,49923000
2026-06-05,752.3100,752.8200,735.5300,737.5500,93989400
2026-06-08,743.3600,745.3400,738.1900,739.2200,49319100
2026-06-09,743.6300,746.9000,722.5900,737.0500,87683500
2026-06-10,733.3900,738.3800,725.3300,725.4300,60341300
2026-06-11,728.7600,740.0000,724.4100,737.7600,86330500
2026-06-12,740.7100,744.4400,735.0300,741.7500,57079500
2026-06-15,751.8500,756.6800,751.7600,754.8300,60176400
2026-06-16,754.5500,755.4400,749.8800,750.3300,67093100
2026-06-17,751.2900,752.1500,739.2200,740.9600,85945200
2026-06-18,747.7600,748.2300,743.8600,746.7400,80875700
2026-06-22,747.7000,750.1800,743.1300,744.3900,46628100
2026-06-23,733.8100,739.6300,732.3000,733.5800,66846800
2026-06-24,735.1700,739.9500,730.8400,733.2400,57439500
2026-06-25,738.9100,739.3700,729.6000,734.3000,53934400
2026-06-26,728.9500,736.5300,716.5800,728.9900,71034000
2026-06-29,736.5300,741.5600,732.0900,741.0000,58035200
2026-06-30,741.2900,748.0200,740.8900,746.7700,55626000
2026-07-01,745.0000,749.4400,742.3800,745.7600,47100900
2026-07-02,747.4000,751.3100,740.0300,744.7800,57447800
2026-07-06,748.7400,752.4100,747.4100,751.2800,50673300
2026-07-07,750.2200,750.9600,745.2100,747.7100,43721500
2026-07-08,743.1600,746.1500,739.5100,745.4000,43767400
2026-07-09,747.3500,751.9700,745.5900,751.7100,41441700
2026-07-10,752.0500,755.4200,748.1000,754.9500,42191300
2026-07-13,752.4700,753.9100,748.0000,749.1700,44013600
2026-07-14,750.9100,753.3400,748.6600,751.8300,35143100
2026-07-15,754.2400,755.5800,750.2000,754.8100,43844800
2026-07-16,752.7600,754.5700,747.8800,750.7200,46409800
2026-07-17,742.0800,747.2900,740.8000,743.2900,62651000
2026-07-20,747.0600,748.7300,741.5100,742.0900,50422300
2026-07-21,746.2900,749.0400,744.1800,748.2800,34324300
2026-07-22,746.6200,750.0200,746.3700,747.4100,32836200
2026-07-23,739.3700,742.5600,735.2100,738.1800,55437300
2026-07-24,738.5100,743.7200,737.2900,738.9300,44782000
2026-07-27,744.9100,745.5300,735.8700,739.0900,41461200
2026-07-28,739.1900,742.7900,735.9800,740.8600,47322200
2026-07-29,739.9700,742.6800,729.1000,729.4600,70697200
2026-07-30,736.0500,742.4500,734.5900,741.6900,66811300
2026-07-31,744.6800,748.9000,737.6800,747.0300,62445900
2026-08-03,749.4400,758.5800,748.8000,757.6700,59927500
2026-08-04,760.6300,773.4100,760.5200,771.3300,69154800
2026-08-05,775.8500,776.8500,769.5100,769.7900,44689100
2026-08-06,770.2100,771.8200,767.4600,768.5600,38416900
2026-08-07,771.0200,773.9200,769.6100,773.2600,43586300
2026-08-10,772.6000,775.0500,771.6200,773.0300,39249500
2026-08-11,774.5300,774.6100,769.2000,770.5600,36740600
2026-08-12,774.7100,774.9000,771.2800,772.4900,33179100
2026-08-13,774.8700,779.3700,774.1100,777.8800,35634500
2026-08-14,778.5400,778.8000,775.4300,776.3400,31367900
2026-08-17,776.1800,776.7800,772.5100,772.6700,34356600
2026-08-18,768.7000,769.5000,766.9200,767.4500,43920900
2026-08-19,770.3600,772.4700,768.1000,769.0600,40306000
2026-08-20,765.9600,768.1500,762.0400,762.6000,45520300
2026-08-21,766.0500,767.8500,764.1700,765.7200,39188700
2026-08-24,764.7800,765.2200,762.0800,763.4700,32430900
2026-08-25,766.1600,766.7800,763.0500,765.9100,27422300
2026-08-26,764.7300,767.3500,763.9300,766.0800,28751600
2026-08-27,768.5000,772.3600,767.1600,771.1000,34557100
2026-08-28,771.7600,775.3000,768.3100,769.3500,36744300
2026-08-31,767.3300,768.0000,764.7200,767.0500,38810800
2026-09-01,762.0100,764.6700,759.4800,761.7800,41126300
2026-09-02,762.4500,766.4300,761.7300,765.1600,29566200
2026-09-03,767.9000,774.0300,767.4500,773.1700,43531600
2026-09-04,772.0100,772.8700,769.0000,770.1900,34054200
2026-09-08,769.0700,769.7000,765.1400,765.9600,44746100
2026-09-09,764.0800,764.4700,760.9400,762.4000,32812400
2026-09-10,758.0300,760.1100,756.6400,757.8300,42740400
2026-09-11,764.7200,766.3800,763.6000,764.2900,45512700
2026-09-14,759.0000,763.5200,757.9300,760.8800,43992400
2026-09-15,760.1200,760.3500,756.1500,757.3900,46195000
2026-09-16,759.5000,761.6700,749.6000,754.0500,59217700
2026-09-17,763.1500,763.5700,759.9600,762.6000,49652800
2026-09-18,761.3100,762.0000,757.9700,761.6900,65395100
2026-09-21,766.2500,774.8900,766.0300,773.5000,50484700
2026-09-22,774.0300,775.1400,772.5700,773.3800,34802300
2026-09-23,772.7900,773.0500,766.5000,767.8100,54931700
